"id","nome","descricao","preco","preco_custo","estoque","imagem","categoria","variantes","semDevolucao","deleted","updated_at"
"171","KIT TALHER","","0.00",NULL,10,"","","{}",False,False,"2026-08-25 21:51:40.073+00"
"174","COBRE LEITO INFANTIL - SEM DEVOLUCAO","","0.00",NULL,150,"","","{}",False,False,"2026-08-25 21:51:40.073+00"
"180","JOGO DE COPO WHEATON - SEM DEVOLUCAO","","0.00",NULL,10,"","","{}",False,False,"2026-08-25 21:51:40.073+00"
"188","JOGO DE COZINHA CAMPESTRE - SEM DEVOLUCAO","","0.00",NULL,10,"","","{}",False,False,"2026-08-25 21:51:40.073+00"
"191","SOMBRINHA","","0.00",NULL,15,"","","{}",False,False,"2026-08-25 21:51:40.073+00"
"192","MANGUEIRA 30M - SEM DEVOLUCAO","","0.00",NULL,15,"","","{}",False,False,"2026-08-25 21:51:40.073+00"
"193","MANGUEIRA 20M - SEM DEVOLUCAO","","0.00",NULL,15,"","","{}",False,False,"2026-08-25 21:51:40.073+00"
"194","ROUPAO","","0.00",NULL,20,"","","{}",False,False,"2026-08-25 21:51:40.073+00"
"198","MISTEIRA - SEM DEVOLUCAO","","0.00",NULL,2,"","","{}",False,False,"2026-08-25 21:51:40.073+00"
"199","MINI PROCESSADOR - SEM DEVOLUCAO","","0.00",NULL,2,"","","{}",False,False,"2026-08-25 21:51:40.073+00"
"201","JOGO DE 5 PANELAS DE ALUMINIO BATIDO - SEM DEVOLUCAO","","0.00",NULL,10,"","","{}",False,False,"2026-08-25 21:51:40.073+00"
"202","JOGO 3 PANELAS DE ALUMINIO BATIDO - SEM DEVOLUCAO","","0.00",NULL,15,"","","{}",False,False,"2026-08-25 21:51:40.073+00"
"203","JOGO 4 PANELAS DE ALUMINIO BATIDO - SEM DEVOLUCAO","","0.00",NULL,15,"","","{}",False,False,"2026-08-25 21:51:40.073+00"
"205","KIT COLAGENO - SEM DEVOLUCAO","","0.00",NULL,1000,"","","{}",False,False,"2026-08-25 21:51:40.073+00"
"206","KIT SWEET LIFE - SEM DEVOLUCAO","","0.00",NULL,1000,"","","{}",False,False,"2026-08-25 21:51:40.073+00"
"207","PANELA DE ARROZ 10 XICARAS - SEM DEVOLUCAO","","0.00",NULL,2,"","","{}",False,False,"2026-08-25 21:51:40.073+00"
"210","KIT CALCINHA INFANTIL BOXER C/12 - SEM DEVOLUCAO","","0.00",NULL,20,"","","{}",False,False,"2026-08-25 21:51:40.073+00"
"211","KIT PERFUME DESODORANTE","","0.00",NULL,1000,"","","{}",False,False,"2026-08-25 21:51:40.073+00"
"213","MALETA DE MAQUIAGEM - SEM DEVOLUCAO","","0.00",NULL,15,"","","{}",False,False,"2026-08-25 21:51:40.073+00"
"214","SECADOR - SEM DEVOLUCAO","","0.00",NULL,2,"","","{}",False,False,"2026-08-25 21:51:40.073+00"
"217","KIT PASSADEIRA COZINHA - SEM DEVOLUCAO","","0.00",NULL,150,"","","{}",False,False,"2026-08-25 21:51:40.073+00"
"219","MANTA COM SHERPA","","0.00",NULL,150,"","","{}",False,False,"2026-08-25 21:51:40.073+00"
"220","CARRINHO DE CONTROLE REMOTO - SEM DEVOLUCAO","","0.00",NULL,2,"","","{}",False,False,"2026-08-25 21:51:40.073+00"
"221","COBERDROM CASAL","","0.00","95.00",150,"","","{}",False,False,"2026-08-25 21:51:40.073+00"
"223","CAIXA DE CONE TRUFADO - SEM DEVOLUCAO","","0.00",NULL,20,"","","{}",False,False,"2026-08-25 21:51:40.073+00"
"224","KIT CAFE SUPER PRATICO","","0.00",NULL,10,"","","{}",False,False,"2026-08-25 21:51:40.073+00"
"226","CRONOGRAMA CAPILAR - SEM DEVOLUCAO","","0.00",NULL,1000,"","","{}",False,False,"2026-08-25 21:51:40.073+00"
"227","JOGO DE TACA MAJESTIC AMBAR - SEM DEVOLUCAO","","0.00","25.50",10,"","","{}",False,False,"2026-08-25 21:51:40.073+00"
"228","COZEDOR DE OVOS","","0.00",NULL,2,"","","{}",False,False,"2026-08-25 21:51:40.073+00"
"230","TV BOX - SEM DEVOLUCAO","","0.00",NULL,2,"","","{}",False,False,"2026-08-25 21:51:40.073+00"
"231","KIT MONOVIN - SEM DEVOLUCAO","","0.00",NULL,1000,"","","{}",False,False,"2026-08-25 21:51:40.073+00"
"237","KIT UTENSILIOS 12 PCS - SEM DEVOLUCAO","","0.00",NULL,10,"","","{}",False,False,"2026-08-25 21:51:40.073+00"
"240","TRAVESSEIRO - SEM DEVOLUCAO","","0.00",NULL,10,"","","{}",False,False,"2026-08-25 21:51:40.073+00"
"243","PIPOQUEIRA ELETRICA","","0.00",NULL,2,"","","{}",False,False,"2026-08-25 21:51:40.074+00"
"244","CAIXA DE SOM PNEUZINHO - SEM DEVOLUCAO","","0.00",NULL,2,"","","{}",False,False,"2026-08-25 21:51:40.074+00"
"245","CORTINA BLACKOUT 2,8 X 2,6M","","0.00","75.00",15,"","","{}",False,False,"2026-08-25 21:51:40.074+00"
"247","CAPA COLCHAO CASAL","","0.00",NULL,150,"","","{}",False,False,"2026-08-25 21:51:40.074+00"
"248","CHAPINHA - SEM DEVOLUCAO","","0.00",NULL,2,"","","{}",False,False,"2026-08-25 21:51:40.074+00"
"251","KIT CRESCE MAIS CACHOS 1L - SEM DEVOLUCAO","","0.00",NULL,1000,"","","{}",False,False,"2026-08-25 21:51:40.074+00"
"252","KIT CRESCE MAIS 1L - SEM DEVOLUCAO","","0.00",NULL,1000,"","","{}",False,False,"2026-08-25 21:51:40.074+00"
"253","KIT MAIS LISO BOTOX 1L - SEM DEVOLUCAO","","0.00",NULL,1000,"","","{}",False,False,"2026-08-25 21:51:40.074+00"
"254","KIT BABOSA 1L","","0.00",NULL,1000,"","","{}",False,False,"2026-08-25 21:51:40.074+00"
"255","KIT WHEY 1L - SEM DEVOLUCAO","","0.00",NULL,1000,"","","{}",False,False,"2026-08-25 21:51:40.074+00"
"256","KIT PLASTICA DOS FIOS - SEM DEVOLUCAO","","0.00",NULL,1000,"","","{}",False,False,"2026-08-25 21:51:40.074+00"
"257","KIT OBRIGATORIO 1L - SEM DEVOLUCAO","","0.00",NULL,1000,"","","{}",False,False,"2026-08-25 21:51:40.074+00"
"258","KIT MAMONA 1L - SEM DEVOLUCAO","","0.00",NULL,1000,"","","{}",False,False,"2026-08-25 21:51:40.074+00"
"259","KIT BUBACHIC 1L - SEM DEVOLUCAO","","0.00",NULL,1000,"","","{}",False,False,"2026-08-25 21:51:40.074+00"
"260","KIT BANHO DE VERNIZ 1L - SEM DEVOLUCAO","","0.00",NULL,1000,"","","{}",False,False,"2026-08-25 21:51:40.074+00"
"261","KIT BANANA E MEL 1L - SEM DEVOLUCAO","","0.00",NULL,1000,"","","{}",False,False,"2026-08-25 21:51:40.074+00"
"270","KIT EVOLUX 1L - SEM DEVOLUCAO","","0.00",NULL,1000,"","","{}",False,False,"2026-08-25 21:51:40.074+00"
"272","KIT CAUTERIZACAO 1L - SEM DEVOLUCAO","","0.00",NULL,1000,"","","{}",False,False,"2026-08-25 21:51:40.074+00"
"289","MASCARA RECONSTRUCAO 1KG","","0.00",NULL,1000,"","","{}",False,False,"2026-08-25 21:51:40.074+00"
"296","JOGO DE PASSADEIRA COM 2 TAPETES ZEBRINHA","","0.00",NULL,150,"","","{}",False,False,"2026-08-25 21:51:40.074+00"
"298","CAPA DE SOFA PARA 2 E 3 LUGARES","","0.00",NULL,150,"","","{}",False,False,"2026-08-25 21:51:40.074+00"
"299","JOGO DE BANHEIRO AVELUDADO 3 PECAS","","0.00",NULL,150,"","","{}",False,False,"2026-08-25 21:51:40.074+00"
"302","TAPETE GEOMETRICO","","0.00",NULL,150,"","","{}",False,False,"2026-08-25 21:51:40.074+00"
"303","TAPETE PELUDO","","0.00",NULL,150,"","","{}",False,False,"2026-08-25 21:51:40.074+00"
"305","COBRE LEITO CASAL PADRAO","","0.00",NULL,150,"","","{}",False,False,"2026-08-25 21:51:40.074+00"
"306","COBRE LEITO CASAL QUEEN","","0.00",NULL,150,"","","{}",False,False,"2026-08-25 21:51:40.074+00"
"307","COBRE LEITO KING","","0.00",NULL,150,"","","{}",False,False,"2026-08-25 21:51:40.074+00"
"342","?? BOIA BALEIA 80CM","","0.00",NULL,15,"","","{}",False,False,"2026-08-25 21:51:40.074+00"
"343","CHALEIRA ELETRICA INOX","","0.00",NULL,2,"","","{}",False,False,"2026-08-25 21:51:40.074+00"
"344","VASILHA ESMERALDA","","0.00",NULL,10,"","","{}",False,False,"2026-08-25 21:51:40.074+00"
"345","VASILHA DIAMANTE","","0.00",NULL,10,"","","{}",False,False,"2026-08-25 21:51:40.074+00"
"346","COZEDOR DE OVOS","","0.00",NULL,10,"","","{}",False,False,"2026-08-25 21:51:40.074+00"
"347","PISCINA 1000L","","0.00",NULL,15,"","","{}",False,False,"2026-08-25 21:51:40.074+00"
"348","ARMARIO DESMONTAVEL GUARDA ROUPA","","0.00",NULL,10,"","","{}",False,False,"2026-08-25 21:51:40.074+00"
"349","ESCOVA SECADORA","","0.00",NULL,15,"","","{}",False,False,"2026-08-25 21:51:40.074+00"
"350","CAIXA DE SOM KTX 1476","","0.00",NULL,2,"","","{}",False,False,"2026-08-25 21:51:40.074+00"
"351","CAIXA DE SOM RELOGIO KARAOKE","","0.00",NULL,2,"","","{}",False,False,"2026-08-25 21:51:40.074+00"
"352","PROMOCAO - POWER BANK 20.000","","0.00",NULL,2,"","","{}",False,False,"2026-08-25 21:51:40.074+00"
"353","ALEXA - SEM COMISSAO","","0.00",NULL,2,"","","{}",False,False,"2026-08-25 21:51:40.074+00"
"354","CAMERA IP","","0.00","50.00",2,"","","{}",False,False,"2026-08-25 21:51:40.074+00"
"355","ESCOVA ELETRICA","","0.00",NULL,2,"","","{}",False,False,"2026-08-25 21:51:40.074+00"
"356","ESCOVA SECADORA CADENCE 4 EM 1","","0.00",NULL,2,"","","{}",False,False,"2026-08-25 21:51:40.074+00"
"357","JOGO DE MANTIENTOS","","0.00",NULL,10,"","","{}",False,False,"2026-08-25 21:51:40.074+00"
"358","CHAPINHA","","0.00",NULL,2,"","","{}",False,False,"2026-08-25 21:51:40.074+00"
"359","MINI ASPIRADOR PORTATIL","","0.00",NULL,2,"","","{}",False,False,"2026-08-25 21:51:40.074+00"
"361","ESCOVA SECADORA ROTATIVA","","0.00",NULL,2,"","","{}",False,False,"2026-08-25 21:51:40.074+00"
"363","SAPATEIRA 10 ANDARES","","0.00",NULL,10,"","","{}",False,False,"2026-08-25 21:51:40.074+00"
"364","KIT ORGANIZADOR HERMETICO","","0.00",NULL,10,"","","{}",False,False,"2026-08-25 21:51:40.074+00"
"365","FILTRO DE LINHA","","0.00",NULL,2,"","","{}",False,False,"2026-08-25 21:51:40.074+00"
"366","JOGO DE PANELAS ALUMINIO COM TAMPA DE VIDRO","","0.00",NULL,10,"","","{}",False,False,"2026-08-25 21:51:40.074+00"
"368","SECADOR 8600W POTENTE","","0.00",NULL,2,"","","{}",False,False,"2026-08-25 21:51:40.074+00"
"369","LIQUIDIFICADOR","","0.00",NULL,2,"","","{}",False,False,"2026-08-25 21:51:40.074+00"
"370","CAMPAINHA RESIDENCIAL","","0.00",NULL,2,"","","{}",False,False,"2026-08-25 21:51:40.074+00"
"372","TAISER CHOQUE","","0.00",NULL,2,"","","{}",False,False,"2026-08-25 21:51:40.074+00"
"375","KIT TESOURAS","","0.00",NULL,15,"","","{}",False,False,"2026-08-25 21:51:40.074+00"
"380","CONTROLE TV BOX","","0.00",NULL,15,"","","{}",False,False,"2026-08-25 21:51:40.074+00"
"387","KIT POS PROGRESSIVA 3 ITENS","","0.00",NULL,1000,"","","{}",False,False,"2026-08-25 21:51:40.074+00"
"390","TABUA DE CARNE","","0.00",NULL,10,"","","{}",False,False,"2026-08-25 21:51:40.074+00"
"391","CONJUNTO SOBREMESA 7 PECAS","","0.00",NULL,10,"","","{}",False,False,"2026-08-25 21:51:40.074+00"
"392","CONJUNTO 6 PRATOS","","0.00",NULL,10,"","","{}",False,False,"2026-08-25 21:51:40.074+00"
"393","JOGO DE XICARAS ITALIA C 6","","0.00",NULL,10,"","","{}",False,False,"2026-08-25 21:51:40.074+00"
"394","ESPELHO 45CM","","0.00",NULL,10,"","","{}",False,False,"2026-08-25 21:51:40.074+00"
"395","ESPELHO OVAL","","0.00",NULL,10,"","","{}",False,False,"2026-08-25 21:51:40.074+00"
"396","JARRA DE VIDRO COM TAMPA","","0.00",NULL,10,"","","{}",False,False,"2026-08-25 21:51:40.074+00"
"397","MARINEX 1,6L","","0.00",NULL,10,"","","{}",False,False,"2026-08-25 21:51:40.074+00"
"398","JOGO DE COPO 340ML","","0.00",NULL,10,"","","{}",False,False,"2026-08-25 21:51:40.074+00"
"399","JOGO DE TACAS C 6","","0.00",NULL,10,"","","{}",False,False,"2026-08-25 21:51:40.074+00"
"400","COLCHA ARTESANAL CASAL","","0.00",NULL,150,"","","{}",False,False,"2026-08-25 21:51:40.074+00"
"401","REDE","","0.00",NULL,150,"","","{}",False,False,"2026-08-25 21:51:40.074+00"
"402","COBERDOM SOLTEIRO","","0.00","85.00",150,"","","{}",False,False,"2026-08-25 21:51:40.074+00"
"404","CAIXA DE BISCOITO SALGADO COM 12","","0.00","42.00",20,"","","{}",False,False,"2026-08-25 21:51:40.074+00"
"405","CAIXA BISCOITO DOCE COM 12","","0.00",NULL,20,"","","{}",False,False,"2026-08-25 21:51:40.074+00"
"409","COBREDOM GIGANTE 2,2 X 2,4","","0.00",NULL,150,"","","{}",False,False,"2026-08-25 21:51:40.074+00"
"410","CAIXA DOCE PASTOSO","","0.00",NULL,20,"","","{}",False,False,"2026-08-25 21:51:40.074+00"
"411","CAIXA DOCE EM PEDACOS","","0.00",NULL,20,"","","{}",False,False,"2026-08-25 21:51:40.074+00"
"413","KIT 12 PARES DE CHINELO","","0.00",NULL,20,"","","{}",False,False,"2026-08-25 21:51:40.074+00"
"414","BOBOJACO UNISSEX","","0.00",NULL,20,"","","{}",False,False,"2026-08-25 21:51:40.074+00"
"419","KIT CALCINHA ATM COM 12","","0.00",NULL,20,"","","{}",False,False,"2026-08-25 21:51:40.074+00"
"424","KIT 12 PIJAMAS VIRGINIA BLOGUEIRINHA","","0.00",NULL,20,"","","{}",False,False,"2026-08-25 21:51:40.074+00"
"426","MANTA SOFA/CAMA","","0.00",NULL,150,"","","{}",False,False,"2026-08-25 21:51:40.074+00"
"427","CONJUNTO 2 MANTAS SOFA","","0.00",NULL,150,"","","{}",False,False,"2026-08-25 21:51:40.074+00"
"430","MANTA ACONCHEGO KING","","0.00",NULL,150,"","","{}",False,False,"2026-08-25 21:51:40.074+00"
"434","MANTA COM BICHO DE PELUCIA","","0.00",NULL,150,"","","{}",False,False,"2026-08-25 21:51:40.075+00"
"435","JOGO DE QUARTO HOT WHEELS","","0.00",NULL,150,"","","{}",False,False,"2026-08-25 21:51:40.075+00"
"436","JOGO DE QUARTO","","0.00",NULL,150,"","","{}",False,False,"2026-08-25 21:51:40.075+00"
"437","KIT INFANTIL STITCH","","0.00",NULL,15,"","","{}",False,False,"2026-08-25 21:51:40.075+00"
"438","KIT DE COZINHA 10 PECAS","","0.00",NULL,150,"","","{}",False,False,"2026-08-25 21:51:40.075+00"
"439","CAPA DE COLCHAO IMPERMEAVEL CASAL PADRAO","","0.00",NULL,150,"","","{}",False,False,"2026-08-25 21:51:40.075+00"
"440","LENCOL 3 PECAS BRANCO","","0.00",NULL,150,"","","{}",False,False,"2026-08-25 21:51:40.075+00"
"441","TOALHA DE BANHO BRANCA","","0.00",NULL,150,"","","{}",False,False,"2026-08-25 21:51:40.075+00"
"444","CORTINA DE JANELA BLACKOUT","","0.00",NULL,150,"","","{}",False,False,"2026-08-25 21:51:40.075+00"
"445","CORTINA SEMI BLACKOUT PORTA","","0.00",NULL,10,"","","{}",False,False,"2026-08-25 21:51:40.075+00"
"446","CORTINA SEMI BLACKOUT JANELA","","0.00",NULL,10,"","","{}",False,False,"2026-08-25 21:51:40.075+00"
"450","JOGO DE COZINHA IMPORTADA","","0.00",NULL,10,"","","{}",False,False,"2026-08-25 21:51:40.075+00"
"451","TAPETE ITALIA","","0.00",NULL,10,"","","{}",False,False,"2026-08-25 21:51:40.075+00"
"456","LAVADORA DE ALTA PRESSAO MAQUINA DE LAVAR","","0.00",NULL,15,"","","{}",False,False,"2026-08-25 21:51:40.075+00"
"457","VENTILADOR DE MESA 40CM","","0.00",NULL,2,"","","{}",False,False,"2026-08-25 21:51:40.075+00"
"458","TRICICLO INFANTIL","","0.00",NULL,1,"","","{}",False,False,"2026-08-25 21:51:40.075+00"
"459","TRICICLO ZIPPY","","0.00",NULL,1,"","","{}",False,False,"2026-08-25 21:51:40.075+00"
"460","CACHOS PERFEITOS GLAMMOUR","","0.00",NULL,1000,"","","{}",False,False,"2026-08-25 21:51:40.075+00"
"461","LISO PERFEITO GLAMMOUR","","0.00",NULL,1000,"","","{}",False,False,"2026-08-25 21:51:40.075+00"
"463","ESPREMEDOR DE FRUTAS","","0.00",NULL,2,"","","{}",False,False,"2026-08-25 21:51:40.075+00"
"464","MULTIPROCESSADOR 5 EM 1","","0.00",NULL,2,"","","{}",False,False,"2026-08-25 21:51:40.075+00"
"466","JOGO DE VASILHA RUBI","","0.00",NULL,10,"","","{}",False,False,"2026-08-25 21:51:40.075+00"
"467","JOGO DE TACAS PEQUENAS E GRANDES","","0.00",NULL,10,"","","{}",False,False,"2026-08-25 21:51:40.075+00"
"468","JOGO DE FACA TRAMONTINA PLENUS","","0.00",NULL,10,"","","{}",False,False,"2026-08-25 21:51:40.075+00"
"469","LIXADEIRA","","0.00",NULL,15,"","","{}",False,False,"2026-08-25 21:51:40.075+00"
"470","SERRA TICO TICO","","0.00",NULL,15,"","","{}",False,False,"2026-08-25 21:51:40.075+00"
"471","JOGO DE TALHER BUZIOS","","0.00",NULL,10,"","","{}",False,False,"2026-08-25 21:51:40.075+00"
"472","JOGO DE PANELAS TURIM 10 PECAS","","0.00",NULL,10,"","","{}",False,False,"2026-08-25 21:51:40.075+00"
"473","MAQUINA KEMEI","","0.00",NULL,10,"","","{}",False,False,"2026-08-25 21:51:40.075+00"
"474","FRIGIDEIRA 28CM 3,6L","","0.00",NULL,10,"","","{}",False,False,"2026-08-25 21:51:40.075+00"
"475","PANELA DE PRESSAO ELETRICA","","0.00",NULL,2,"","","{}",False,False,"2026-08-25 21:51:40.075+00"
"476","KIT CAFE PRATICO","","0.00",NULL,10,"","","{}",False,False,"2026-08-25 21:51:40.075+00"
"478","FERRO DE PASSAR","","0.00",NULL,2,"","","{}",False,False,"2026-08-25 21:51:40.075+00"
"479","PANELA PIPOQUEIRA","","0.00",NULL,10,"","","{}",False,False,"2026-08-25 21:51:40.075+00"
"480","MIXER 3 EM 1","","0.00","110.00",2,"","","{}",False,False,"2026-08-25 21:51:40.075+00"
"481","ESMERIL","","0.00",NULL,15,"","","{}",False,False,"2026-08-25 21:51:40.075+00"
"482","JOGO DE TALHER TRAMONTINA","","0.00",NULL,10,"","","{}",False,False,"2026-08-25 21:51:40.075+00"
"483","PISCINA DE BOLINHA","","0.00",NULL,1,"","","{}",False,False,"2026-08-25 21:51:40.075+00"
"484","BONECA HONEY BEE","","0.00",NULL,1,"","","{}",False,False,"2026-08-25 21:51:40.075+00"
"485","TANQUINHO 14KG","","0.00",NULL,10,"","","{}",False,False,"2026-08-25 21:51:40.075+00"
"486","CABRITA","","0.00",NULL,10,"","","{}",False,False,"2026-08-25 21:51:40.075+00"
"487","KIT LINGERIE CALCINHA E SUTIA","","0.00",NULL,20,"","","{}",False,False,"2026-08-25 21:51:40.075+00"
"488","JOGO DE MANTIMENTOS ALUMINIO","","0.00",NULL,10,"","","{}",False,False,"2026-08-25 21:51:40.075+00"
"489","MANTINHA DE NENEM MASCULINA","","0.00",NULL,15,"","","{}",False,False,"2026-08-25 21:51:40.075+00"
"490","PORTA TEMPERO CASINHA","","0.00",NULL,20,"","","{}",False,False,"2026-08-25 21:51:40.075+00"
"491","KIT GARRAFA CAFE XICARAS E POTES EURO","","0.00",NULL,10,"","","{}",False,False,"2026-08-25 21:51:40.075+00"
"492","BABY LISS PHILCO","","0.00",NULL,2,"","","{}",False,False,"2026-08-25 21:51:40.075+00"
"493","BATEDEIRA","","0.00",NULL,2,"","","{}",False,False,"2026-08-25 21:51:40.075+00"
"494","LIQUIDIFICADOR","","0.00",NULL,2,"","","{}",False,False,"2026-08-25 21:51:40.075+00"
"495","CHURRASQUEIRA ELETRICA","","0.00",NULL,2,"","","{}",False,False,"2026-08-25 21:51:40.075+00"
"496","MEGA VARAL 3 ANDARES","","0.00",NULL,10,"","","{}",False,False,"2026-08-25 21:51:40.075+00"
"497","ASPIRADOR DE PO","","0.00",NULL,10,"","","{}",False,False,"2026-08-25 21:51:40.075+00"
"498","GARRAFA DE CAFE SIMPLES","","0.00",NULL,10,"","","{}",False,False,"2026-08-25 21:51:40.075+00"
"499","ASPIRADOR DE PO VASSOURA","","0.00",NULL,2,"","","{}",False,False,"2026-08-25 21:51:40.075+00"
"500","JOGO DE PRATO COM TALHERES","","0.00",NULL,10,"","","{}",False,False,"2026-08-25 21:51:40.075+00"
"501","CONJUNTO 4 ASSADEIRAS","","0.00",NULL,10,"","","{}",False,False,"2026-08-25 21:51:40.075+00"
"502","CONJUNTO DE 3 FORMAS COM FUNDO REMOVIVEL","","0.00",NULL,10,"","","{}",False,False,"2026-08-25 21:51:40.075+00"
"503","KIT BOTOX SEM FORMOL","","0.00",NULL,1000,"","","{}",False,False,"2026-08-25 21:51:40.075+00"
"504","KIT CHURRASCO","","0.00",NULL,10,"","","{}",False,False,"2026-08-25 21:51:40.075+00"
"505","CONJUNTO FACAS 5 PECAS","","0.00",NULL,10,"","","{}",False,False,"2026-08-25 21:51:40.075+00"
"506","PANELA DE PRESSAO FECHAMENTO EXTERNO 4,5L","","0.00",NULL,10,"","","{}",False,False,"2026-08-25 21:51:40.076+00"
"507","MOCHILA ADULTO","","0.00",NULL,15,"","","{}",False,False,"2026-08-25 21:51:40.076+00"
"508","CAPA DE MAQUINA DE LAVAR 12 A 16KG","","0.00",NULL,10,"","","{}",False,False,"2026-08-25 21:51:40.076+00"
"509","CONJUNTO SALADEIRA INOX","","0.00",NULL,10,"","","{}",False,False,"2026-08-25 21:51:40.076+00"
"510","CONJUNTO 2 FRIGIDEIRAS + ESPATULA","","0.00",NULL,10,"","","{}",False,False,"2026-08-25 21:51:40.076+00"
"511","GARRAFA DE CAFE COM 4 XICARAS","","0.00",NULL,10,"","","{}",False,False,"2026-08-25 21:51:40.076+00"
"512","CONJUNTO 3 COOLERS","","0.00",NULL,10,"","","{}",False,False,"2026-08-25 21:51:40.076+00"
"516","JOGO DE PANELAS ANTIADERENTE COM TAMPA DE VIDRO PREMIUM","","0.00",NULL,10,"","","{}",False,False,"2026-08-25 21:51:40.076+00"
"517","KIT PARAFUSADEIRA","","0.00",NULL,15,"","","{}",False,False,"2026-08-25 21:51:40.076+00"
"518","TAPETE ITALIA","","0.00",NULL,150,"","","{}",False,False,"2026-08-25 21:51:40.076+00"
"519","AIR FRYER","","0.00",NULL,2,"","","{}",False,False,"2026-08-25 21:51:40.076+00"
"520","COOLER 20L COM MESA","","0.00",NULL,10,"","","{}",False,False,"2026-08-25 21:51:40.076+00"
"521","BEBEDOURO","","0.00",NULL,2,"","","{}",False,False,"2026-08-25 21:51:40.076+00"
"522","APARELHO DE JANTAR","","0.00",NULL,10,"","","{}",False,False,"2026-08-25 21:51:40.076+00"
"523","CONJUNTO DE BANHEIRO","","0.00",NULL,10,"","","{}",False,False,"2026-08-25 21:51:40.076+00"
"524","CONJUNTO DE PANELA DE CERAMICA","","0.00",NULL,10,"","","{}",False,False,"2026-08-25 21:51:40.076+00"
"525","PANELA WOK 28 COM TAMPA DE VIDRO","","0.00",NULL,10,"","","{}",False,False,"2026-08-25 21:51:40.076+00"
"526","CONJUNTO 3 FRIGIDEIRAS COM TAMPA","","0.00",NULL,10,"","","{}",False,False,"2026-08-25 21:51:40.076+00"
"527","PARAFUSADEIRA DE IMPACTO","","0.00",NULL,15,"","","{}",False,False,"2026-08-25 21:51:40.076+00"
"528","FORNO AIR FRYER","","0.00",NULL,2,"","","{}",False,False,"2026-08-25 21:51:40.076+00"
"529","CAIXA DE SOM KAPBOM 200W","","0.00",NULL,2,"","","{}",False,False,"2026-08-25 21:51:40.076+00"
"530","ROCADEIRA A GASOLINA","","0.00",NULL,15,"","","{}",False,False,"2026-08-25 21:51:40.076+00"
"531","MOTOSERRA","","0.00",NULL,15,"","","{}",False,False,"2026-08-25 21:51:40.076+00"
"533","CAIXA DE SOM GRANDE","","0.00",NULL,2,"","","{}",False,False,"2026-08-25 21:51:40.076+00"
"534","CHALEIRA TERMICA MALI","","0.00",NULL,10,"","","{}",False,False,"2026-08-25 21:51:40.076+00"
"535","CAPA DE SOFA RETRATIL","","0.00",NULL,10,"","","{}",False,False,"2026-08-25 21:51:40.076+00"
"536","KIT CACHOS GLAMMOUR","","0.00",NULL,1000,"","","{}",False,False,"2026-08-25 21:51:40.076+00"
"537","KIT CAFE","","0.00",NULL,10,"","","{}",False,False,"2026-08-25 21:51:40.076+00"
"538","KIT POTES COM TAMPA DE VIDRO","","0.00",NULL,10,"","","{}",False,False,"2026-08-25 21:51:40.076+00"
"539","CONJUNTO 3 CANECOS","","0.00",NULL,10,"","","{}",False,False,"2026-08-25 21:51:40.076+00"
"540","KIT SEX SHOP","","0.00",NULL,100,"","","{}",False,False,"2026-08-25 21:51:40.076+00"
"541","FORNO DE BANCADA","","0.00",NULL,2,"","","{}",False,False,"2026-08-25 21:51:40.076+00"
"542","KIT MAQUIAGEM 20 PECAS","","0.00",NULL,1000,"","","{}",False,False,"2026-08-25 21:51:40.076+00"
"543","MORINGA","","0.00",NULL,10,"","","{}",False,False,"2026-08-25 21:51:40.076+00"
"544","PANELA DE PRESSAO 4,5L","","0.00",NULL,10,"","","{}",False,False,"2026-08-25 21:51:40.076+00"
"545","PANELA DE PRESSAO 7L","","0.00",NULL,10,"","","{}",False,False,"2026-08-25 21:51:40.076+00"
"546","MOP","","0.00",NULL,10,"","","{}",False,False,"2026-08-25 21:51:40.076+00"
"547","TAPETES DE SALA APOLO 2,0 X 1,5M","","0.00",NULL,10,"","","{}",False,False,"2026-08-25 21:51:40.076+00"
"548","CAIXA DE PACOCA","","0.00",NULL,20,"","","{}",False,False,"2026-08-25 21:51:40.076+00"
"549","CONJUNTO DE POTES MANTIMENTOS 2L TROPICAL","","0.00",NULL,10,"","","{}",False,False,"2026-08-25 21:51:40.076+00"
"550","CONJUNTO DE MANTIMENTOS FAZENDINHA","","0.00",NULL,10,"","","{}",False,False,"2026-08-25 21:51:40.076+00"
"551","CESTO DE ROUPA","","0.00",NULL,10,"","","{}",False,False,"2026-08-25 21:51:40.076+00"
"552","SEM COMISSAO - MICROONDAS 32L","","0.00",NULL,2,"","","{}",False,False,"2026-08-25 21:51:40.076+00"
"553","CAIXA DOCE DE MESA","","0.00",NULL,20,"","","{}",False,False,"2026-08-25 21:51:40.076+00"
"554","KIT LAR DOCE LAR","","0.00",NULL,10,"","","{}",False,False,"2026-08-25 21:51:40.076+00"
"555","KIT CHURRASCO","","0.00",NULL,10,"","","{}",False,False,"2026-08-25 21:51:40.076+00"
"556","CAIXA COM 50 ALFAJOR","","0.00",NULL,20,"","","{}",False,False,"2026-08-25 21:51:40.076+00"
"557","CAIXA DOCE EM BARRA 4,8 KG TOTAL","","0.00",NULL,20,"","","{}",False,False,"2026-08-25 21:51:40.076+00"
"558","KIT PARADOX","","0.00",NULL,1000,"","","{}",False,False,"2026-08-25 21:51:40.076+00"
"559","KIT HIDRATACAO GLAMMAIS","","0.00",NULL,1000,"","","{}",False,False,"2026-08-25 21:51:40.076+00"
"560","KIT CAUTERIZACAO GLAMMAIS","","0.00",NULL,1000,"","","{}",False,False,"2026-08-25 21:51:40.076+00"
"561","KIT NUTRICAO GLAMMAIS","","0.00",NULL,1000,"","","{}",False,False,"2026-08-25 21:51:40.076+00"
"562","ESPELHO 100 X 40CM","","0.00",NULL,10,"","","{}",False,False,"2026-08-25 21:51:40.076+00"
"563","ESPELHO COM SUPORTE","","0.00",NULL,10,"","","{}",False,False,"2026-08-25 21:51:40.076+00"
"564","ESPELHO COM LED","","0.00",NULL,10,"","","{}",False,False,"2026-08-25 21:51:40.076+00"
"565","CORTINA DE PAREDE","","0.00",NULL,10,"","","{}",False,False,"2026-08-25 21:51:40.076+00"
"566","KIT POS QUIMICA GLAMMAIS","","0.00",NULL,1000,"","","{}",False,False,"2026-08-25 21:51:40.076+00"
"567","KIT 3 MASCARAS 2KG CADA","","0.00",NULL,1000,"","","{}",False,False,"2026-08-25 21:51:40.076+00"
"568","FOGAO INDUCAO 2 BOCAS","","0.00",NULL,2,"","","{}",False,False,"2026-08-25 21:51:40.076+00"
"569","COLCHA CHENILLE","","0.00",NULL,150,"","","{}",False,False,"2026-08-25 21:51:40.076+00"
"570","CUSCUZEIRA","","0.00",NULL,10,"","","{}",False,False,"2026-08-25 21:51:40.076+00"
"571","FERVEDOURO INDERRAMEVEL","","0.00",NULL,10,"","","{}",False,False,"2026-08-25 21:51:40.076+00"
"572","CONJUNTO DE PUDIM","","0.00",NULL,10,"","","{}",False,False,"2026-08-25 21:51:40.076+00"
"573","VAPORELLA 4 PECAS","","0.00",NULL,10,"","","{}",False,False,"2026-08-25 21:51:40.076+00"
"574","FORMA DE FERRO FUNDIDO","","0.00",NULL,10,"","","{}",False,False,"2026-08-25 21:51:40.076+00"
"575","PATINS","","0.00",NULL,1,"","","{}",False,False,"2026-08-25 21:51:40.076+00"
"576","PATINS","","0.00",NULL,1,"","","{}",False,False,"2026-08-25 21:51:40.076+00"
"577","MAQUINA DE CABELO MUNDIAL BARBEAR","","0.00",NULL,15,"","","{}",False,False,"2026-08-25 21:51:40.076+00"
"578","FERVEDOR TAMPA DE VIDRO N15","","0.00",NULL,10,"","","{}",False,False,"2026-08-25 21:51:40.076+00"
"579","CONJUNTO PANELAS 3L E 5L + PIPOQUEIRA E TAMPA DE VIDRO","","0.00",NULL,10,"","","{}",False,False,"2026-08-25 21:51:40.076+00"
"580","MESA DE TOTO PEBOLIM DE MADEIRA 51CM","","0.00",NULL,1,"","","{}",False,False,"2026-08-25 21:51:40.076+00"
"581","MESA DE SINUCA 51CM","","0.00",NULL,1,"","","{}",False,False,"2026-08-25 21:51:40.076+00"
"582","BALANCO INFANTIL MADEIRA","","0.00",NULL,1,"","","{}",False,False,"2026-08-25 21:51:40.076+00"
"583","MESA INFANTIL COM 2 CADEIRAS","","0.00",NULL,1,"","","{}",False,False,"2026-08-25 21:51:40.076+00"
"584","MESA INFANTIL 2 CADEIRAS","","0.00",NULL,1,"","","{}",False,False,"2026-08-25 21:51:40.076+00"
"585","BONECA PRIMEIRA ORACAO","","0.00",NULL,1,"","","{}",False,False,"2026-08-25 21:51:40.076+00"
"586","BONECA REBORN","","0.00",NULL,1,"","","{}",False,False,"2026-08-25 21:51:40.076+00"
"587","BONECA ANGELINA 62 FRASE","","0.00",NULL,1,"","","{}",False,False,"2026-08-25 21:51:40.076+00"
"588","CAMINHAO BAU IVECO TECTOR CARRINHO","","0.00",NULL,1,"","","{}",False,False,"2026-08-25 21:51:40.076+00"
"589","CAMINHAO IVECO TANQUE CARRINHO","","0.00",NULL,1,"","","{}",False,False,"2026-08-25 21:51:40.076+00"
"590","CAMINHAO IVECO GRANELEIRO","","0.00",NULL,1,"","","{}",False,False,"2026-08-25 21:51:40.076+00"
"591","MINI LANTERNA","","0.00",NULL,15,"","","{}",False,False,"2026-08-25 21:51:40.076+00"
"592","LAMPIAO RECARREGAVEL LANTERNA","","0.00",NULL,15,"","","{}",False,False,"2026-08-25 21:51:40.076+00"
"594","SEM COMISSAO- BICICLETA CARGO","","0.00",NULL,1,"","","{}",False,False,"2026-08-25 21:51:40.076+00"
"595","SEM COMISSAO - BICICLETA ARO 26","","0.00",NULL,1,"","","{}",False,False,"2026-08-25 21:51:40.076+00"
"596","BICICLETA BARRA FORTE ARO 26","","0.00",NULL,1,"","","{}",False,False,"2026-08-25 21:51:40.076+00"
"597","KIT NUTRICAO FORTALECEDORA","","0.00",NULL,1000,"","","{}",False,False,"2026-08-25 21:51:40.076+00"
"598","SEM COMISSAO  - AIR FRYER DIGITAL 12L","","0.00",NULL,2,"","","{}",False,False,"2026-08-25 21:51:40.076+00"
"599","SANDUICHEIRA MISTEIRA GRILL","","0.00",NULL,2,"","","{}",False,False,"2026-08-25 21:51:40.076+00"
"600","CLIMATIZADOR 20L","","0.00",NULL,2,"","","{}",False,False,"2026-08-25 21:51:40.076+00"
"601","CLIMATIZADOR 14L ITATIAIA","","0.00",NULL,2,"","","{}",False,False,"2026-08-25 21:51:40.076+00"
"602","GARRAFA DE CAFE DE APERTAR 1,8L","","0.00",NULL,10,"","","{}",False,False,"2026-08-25 21:51:40.076+00"
"603","GARRAFA DE CAFE DE APERTAR 1L","","0.00",NULL,10,"","","{}",False,False,"2026-08-25 21:51:40.076+00"
"604","GARRAFA DE CAFE 1L","","0.00",NULL,10,"","","{}",False,False,"2026-08-25 21:51:40.076+00"
"605","KIT TERERE","","0.00",NULL,10,"","","{}",False,False,"2026-08-25 21:51:40.077+00"
"606","GARRAFA TERMICA","","0.00",NULL,10,"","","{}",False,False,"2026-08-25 21:51:40.077+00"
"607","MALETA DE FERRAMENTAS 142 PECAS","","0.00",NULL,10,"","","{}",False,False,"2026-08-25 21:51:40.077+00"
"608","MANTA POA","","0.00",NULL,150,"","","{}",False,False,"2026-08-25 21:51:40.077+00"
"609","CORTINA CRISTAL DE PAREDE INTEIRA","","0.00",NULL,150,"","","{}",False,False,"2026-08-25 21:51:40.077+00"
"610","MINI CHAPA DE ACO P","","0.00",NULL,10,"","","{}",False,False,"2026-08-25 21:51:40.077+00"
"611","CONJUNTO 5 FORMAS DE BOLO","","0.00",NULL,10,"","","{}",False,False,"2026-08-25 21:51:40.077+00"
"612","KIT RHENUKS MARACUJA","","0.00",NULL,1000,"","","{}",False,False,"2026-08-25 21:51:40.077+00"
"613","BABY LISS","","0.00",NULL,2,"","","{}",False,False,"2026-08-25 21:51:40.077+00"
"614","KIT CRONOGRAMA GLAMMOUR","","0.00",NULL,1000,"","","{}",False,False,"2026-08-25 21:51:40.077+00"
"615","JOGO DE COPO WOLFF PALMEIRA PALM THREE COPO ALTO","","0.00",NULL,10,"","","{}",False,False,"2026-08-25 21:51:40.077+00"
"616","JOGO DE FACAS COM SUPORTE HAUSKRAFT","","0.00",NULL,10,"","","{}",False,False,"2026-08-25 21:51:40.077+00"
"617","COLCHA FLANNEL CANELADA","","0.00",NULL,150,"","","{}",False,False,"2026-08-25 21:51:40.077+00"
"618","MANTINHA 1,8 X 2,0 SIMPLES ESTAMPADA","","0.00",NULL,150,"","","{}",False,False,"2026-08-25 21:51:40.077+00"
"619","APARELHO DE JANTAR BRASILIA 20 PECAS","","0.00",NULL,10,"","","{}",False,False,"2026-08-25 21:51:40.077+00"
"620","JOGO DE TALHER SUNSHINE","","0.00",NULL,10,"","","{}",False,False,"2026-08-25 21:51:40.077+00"
"621","TRAVESSEIRO INFANTIL ESTAMPADO PERSONAGENS","","0.00",NULL,150,"","","{}",False,False,"2026-08-25 21:51:40.077+00"
"622","SEM COMISSAO - FILTRO PURIFICADOR DE AGUA MIDEA","","0.00",NULL,10,"","","{}",False,False,"2026-08-25 21:51:40.077+00"
"623","CONJUNTO DE PANELA ALUMINIO BATIDA PRETA COM TAMPA","","0.00",NULL,10,"","","{}",False,False,"2026-08-25 21:51:40.077+00"
"624","TRAVESSEIRO DE CORPO","","0.00",NULL,150,"","","{}",False,False,"2026-08-25 21:51:40.077+00"
"625","JOGO DE 3 BACIAS E 1 BALDE","","0.00",NULL,10,"","","{}",False,False,"2026-08-25 21:51:40.077+00"
"626","KIT 3 ASSADEIRAS DE VIDRO","","0.00",NULL,10,"","","{}",False,False,"2026-08-25 21:51:40.077+00"
"627","MANTINHA NENEM BEBE FEMININA","","0.00",NULL,150,"","","{}",False,False,"2026-08-25 21:51:40.077+00"
"628","POTE PIPOCA E COPOS","","0.00",NULL,10,"","","{}",False,False,"2026-08-25 21:51:40.077+00"
"629","GUARDA CHUVA CABO DE MADEIRA SOMBRINHA","","0.00",NULL,15,"","","{}",False,False,"2026-08-25 21:51:40.077+00"
"630","TAPETE DE PORTA ESTAMPADO","","0.00",NULL,10,"","","{}",False,False,"2026-08-25 21:51:40.077+00"
"631","CENTRO DE MESA WOLFF","","0.00",NULL,10,"","","{}",False,False,"2026-08-25 21:51:40.077+00"
"632","JOGO DE BOWL SOBREMESA","","0.00",NULL,10,"","","{}",False,False,"2026-08-25 21:51:40.077+00"
"633","FRIGIDEIRA DE VIDRO COM TAMPA PEQUENA PARA OVO","","0.00",NULL,10,"","","{}",False,False,"2026-08-25 21:51:40.077+00"
"634","MANTA BRILHA NO ESCURO FEMININA OU MASCULINA","","0.00",NULL,150,"","","{}",False,False,"2026-08-25 21:51:40.077+00"
"635","KIT 5 CABIDES DE VELUDO","","0.00",NULL,10,"","","{}",False,False,"2026-08-25 21:51:40.077+00"
"636","KIT PAPINHA","","0.00",NULL,10,"","","{}",False,False,"2026-08-25 21:51:40.077+00"
"637","MOCHILA POMPOM","","0.00",NULL,15,"","","{}",False,False,"2026-08-25 21:51:40.077+00"
"638","PORTA TEMPERO P","","0.00",NULL,20,"","","{}",False,False,"2026-08-25 21:51:40.077+00"
"639","FAQUEIRO ASDAS","","0.00",NULL,10,"","","{}",False,False,"2026-08-25 21:51:40.077+00"
"640","COLCHA DE CASAL FLAMENGO","","0.00",NULL,150,"","","{}",False,False,"2026-08-25 21:51:40.077+00"
"641","MOCHILA KIPLING ROSA","","0.00",NULL,15,"","","{}",False,False,"2026-08-25 21:51:40.077+00"
"642","JOGO DE QUARTO INFANTIL FEMININO BARBIE","","0.00",NULL,150,"","","{}",False,False,"2026-08-25 21:51:40.077+00"
"643","KIT UTENSILIOS 19 PECAS","","0.00",NULL,10,"","","{}",False,False,"2026-08-25 21:51:40.077+00"
"644","KIT DE CABELO OLEO DE COCO CHAVEUX","","0.00",NULL,1000,"","","{}",False,False,"2026-08-25 21:51:40.077+00"
"645","KIT RHENUKS MELANCIA","","0.00",NULL,1000,"","","{}",False,False,"2026-08-25 21:51:40.077+00"
"646","KIT RHENUKS PITAYA","","0.00",NULL,1000,"","","{}",False,False,"2026-08-25 21:51:40.077+00"
"648","LIXEIRA INOX 5L","","0.00",NULL,10,"","","{}",False,False,"2026-08-25 21:51:40.077+00"
"649","JOGO DE POTES PEQUENOS INOX COM TAMPA","","0.00",NULL,10,"","","{}",False,False,"2026-08-25 21:51:40.077+00"
"650","KIT CAPILAR INFANTIL","","0.00",NULL,1000,"","","{}",False,False,"2026-08-25 21:51:40.077+00"
"651","KIT DE BELEZA SWISS BEAUTY","","0.00",NULL,1000,"","","{}",False,False,"2026-08-25 21:51:40.077+00"
"652","KIT PENTEIA CABELO BELKIT 1 LITRO","","0.00",NULL,1000,"","","{}",False,False,"2026-08-25 21:51:40.077+00"
"653","KIT PISTACHE GLAMMOUR","","0.00",NULL,1000,"","","{}",False,False,"2026-08-25 21:51:40.077+00"
"654","KIT DE CABELO LISO OBRIGATORIO","","0.00",NULL,1000,"","","{}",False,False,"2026-08-25 21:51:40.077+00"
"656","CAIXA DE SOM LENOX 300W","","0.00",NULL,2,"","","{}",False,False,"2026-08-25 21:51:40.077+00"
"657","CHAPA MULTIUSO","","0.00",NULL,10,"","","{}",False,False,"2026-08-25 21:51:40.077+00"
"658","RALADOR MULTIUSO 7 EM 1","","0.00","40.00",10,"","","{}",False,False,"2026-08-25 21:51:40.077+00"
"660","ESCOVA 5 EM 1","","0.00",NULL,2,"","","{}",False,False,"2026-08-25 21:51:40.077+00"
"661","KIT MANICURE PEDICURE CORTADOR DE UNHA ALICATE","","0.00",NULL,15,"","","{}",False,False,"2026-08-25 21:51:40.077+00"
"662","COPO STANLEY VIRGINIA","","0.00",NULL,15,"","","{}",False,False,"2026-08-25 21:51:40.077+00"
"663","JOGO DE TALHER DOURADO","","0.00",NULL,10,"","","{}",False,False,"2026-08-25 21:51:40.077+00"
"664","PERFUME ARABE ASSAD","","0.00",NULL,1000,"","","{}",False,False,"2026-08-25 21:51:40.077+00"
"665","PERFUME ARABE YARA","","0.00",NULL,1000,"","","{}",False,False,"2026-08-25 21:51:40.077+00"
"666","KIT DE BELEZA INFANTIL 7 ITENS MASCULINO CAPILAR","","0.00",NULL,1000,"","","{}",False,False,"2026-08-25 21:51:40.077+00"
"667","KIT CAPILAR GLAMMOUR FEMININO 7 ITENS","","0.00",NULL,1000,"","","{}",False,False,"2026-08-25 21:51:40.077+00"
"668","TABUA DE PASSAR ROUPA","","0.00",NULL,10,"","","{}",False,False,"2026-08-25 21:51:40.077+00"
"669","CAMPAINHA RECARREGAVEL","","0.00",NULL,2,"","","{}",False,False,"2026-08-25 21:51:40.077+00"
"670","RADIO PORTATIL KAPBOM","","0.00",NULL,2,"","","{}",False,False,"2026-08-25 21:51:40.077+00"
"671","CHAPINHA ALISADORA AGRATTO PIASTRA PRANCHA","","0.00",NULL,2,"","","{}",False,False,"2026-08-25 21:51:40.077+00"
"672","JOGO DE XICARAS AMBAR","","0.00",NULL,10,"","","{}",False,False,"2026-08-25 21:51:40.077+00"
"673","PANELA TACHO GRANDE 45 CM COM TAMPA","","0.00",NULL,10,"","","{}",False,False,"2026-08-25 21:51:40.077+00"
"674","MEGA COZINHA INFANTIL","","0.00",NULL,1,"","","{}",False,False,"2026-08-25 21:51:40.077+00"
"675","KIT GLOSS 3 PECAS","","0.00",NULL,1000,"","","{}",False,False,"2026-08-25 21:51:40.077+00"
"676","CONJUNTO PANELAS CERAMICAS 10 PECAS MIMO STYLE","","0.00",NULL,10,"","","{}",False,False,"2026-08-25 21:51:40.077+00"
"677","COBRE LEITO SOLTEIRO COR LISA","","0.00",NULL,150,"","","{}",False,False,"2026-08-25 21:51:40.077+00"
"678","CAIXA DE SOM GRANDE PARTY VOX 2000W","","0.00",NULL,2,"","","{}",False,False,"2026-08-25 21:51:40.077+00"
"679","CAIXA DE SOM KTS 1180","","0.00",NULL,2,"","","{}",False,False,"2026-08-25 21:51:40.077+00"
"680","COBERDROM LUNAX","","0.00","95.00",150,"","","{}",False,False,"2026-08-25 21:51:40.077+00"
"681","JOGO DE COPO ALEXANDRIA DIAMOND","","0.00","26.00",10,"","","{}",False,False,"2026-08-25 21:51:40.077+00"
"682","MANTA SIMPLES 1,8 X 2,0M CORES LISAS","","0.00",NULL,150,"","","{}",False,False,"2026-08-25 21:51:40.077+00"
"683","JOGO DE MANTIMENTOS ALUMINIO","","0.00",NULL,10,"","","{}",False,False,"2026-08-25 21:51:40.077+00"
"684","COPO VIRGINIA STITCH","","0.00",NULL,15,"","","{}",False,False,"2026-08-25 21:51:40.077+00"
"685","COPO VIRGINIA COPA BRASIL","","0.00",NULL,15,"","","{}",False,False,"2026-08-25 21:51:40.077+00"
"686","EDREDOM COM SHERPA","","0.00",NULL,150,"","","{}",False,False,"2026-08-25 21:51:40.077+00"
"688","COBERDOM SHERPA COLORIDA","","0.00","105.00",150,"","","{}",False,False,"2026-08-25 21:51:40.077+00"
"689","COBERDOM INFANTIL ESTAMPADO","","0.00","88.00",150,"","","{}",False,False,"2026-08-25 21:51:40.077+00"
"696","MASCARA NUTRICAO 1KG","","0.00",NULL,1000,"","","{}",False,False,"2026-08-25 21:51:40.077+00"
"698","GLOSS LIP HONEY","","0.00",NULL,1000,"","","{}",False,False,"2026-08-25 21:51:40.077+00"
"704","KIT CRESCE MAIS PEQUENO 500ML","","0.00",NULL,1000,"","","{}",False,False,"2026-08-25 21:51:40.077+00"
"257438487",NULL,"","70.00",NULL,3,"","UTILIDADES DO LAR","{}",False,False,"2026-08-25 21:51:40.078+00"
"325286784",NULL,"","299.00",NULL,3,"","UTILIDADES DO LAR","{}",False,False,"2026-08-25 21:51:40.078+00"
"346555515",NULL,"","250.00",NULL,3,"","UTILIDADES DO LAR","{}",False,False,"2026-08-25 21:51:40.078+00"
"375533852",NULL,"","150.00",NULL,10,"","COSMETICOS","{}",False,False,"2026-08-25 21:51:40.078+00"
"381666715",NULL,"","199.00",NULL,3,"","UTILIDADES DO LAR","{}",False,False,"2026-08-25 21:51:40.078+00"
"448643454",NULL,"","100.00",NULL,10,"","COSMETICOS","{}",False,False,"2026-08-25 21:51:40.078+00"
"528959832",NULL,"","150.00",NULL,3,"","UTILIDADES DO LAR","{}",False,False,"2026-08-25 21:51:40.078+00"
"536696361",NULL,"","120.00",NULL,3,"","UTILIDADES DO LAR","{}",False,False,"2026-08-25 21:51:40.078+00"
"547214689","test","","1.00",NULL,0,"","","{}",False,False,"2026-08-25 21:51:40.078+00"
"593221244",NULL,"","199.00",NULL,3,"","UTILIDADES DO LAR","{}",False,False,"2026-08-25 21:51:40.078+00"
"608739358",NULL,"","199.00",NULL,3,"","UTILIDADES DO LAR","{}",False,False,"2026-08-25 21:51:40.078+00"
"624055532","tt2","","1.00",NULL,0,"","","{}",False,False,"2026-08-25 21:51:40.078+00"
"666938688",NULL,"","30.00",NULL,15,"","COSMETICOS","{}",False,False,"2026-08-25 21:51:40.078+00"
"702043845",NULL,"","280.00",NULL,5,"","ELETRODOMESTICOS","{}",False,False,"2026-08-25 21:51:40.078+00"
"730652649",NULL,"","250.00",NULL,4,"","UTILIDADES DO LAR","{}",False,False,"2026-08-25 21:51:40.078+00"
"753838461",NULL,"","199.00",NULL,3,"","UTILIDADES DO LAR","{}",False,False,"2026-08-25 21:51:40.078+00"
"852448743","test","","1.00",NULL,0,"","","{}",False,False,"2026-08-25 21:51:40.078+00"
"931915517",NULL,"","25.00","8.80",20,"","COSMETICOS","{}",False,False,"2026-08-25 21:51:40.078+00"
"1785237845646",NULL,"","300.00","0.00",0,"","","{}",NULL,False,"2026-08-25 21:51:40.078+00"
"1785579868086","Sem devolução - jogo de panelas alumínio batido com 10","Encomenda
Sem devolução
Entrada 40% ","1400.00",NULL,3,NULL,"","{}",NULL,False,"2026-08-25 21:51:40.078+00"
"1785590817127",NULL,"","12.00",NULL,1,"","BRINQUEDOS","{}",NULL,False,"2026-08-25 21:51:40.078+00"
"1785591654878",NULL,"","2.00",NULL,2,"","BRINQUEDOS","{}",NULL,False,"2026-08-25 21:51:40.078+00"
"1785592924758",NULL,"","1.00",NULL,2,"","CAMA MESA E BANHO","{}",NULL,False,"2026-08-25 21:51:40.078+00"
"1785593084658",NULL,"","1.00",NULL,2,"","","{}",NULL,False,"2026-08-25 21:51:40.078+00"
"1785594176733",NULL,"","1400.00",NULL,3,NULL,"UTILIDADES DO LAR","{}",NULL,False,"2026-08-25 21:51:40.078+00"
"1785604553100","Kit 18 itens exercícios em casa - SEM DEVOLUÇÃO","Encomenda 
Deve ser encomendado em até 7d antes de ir na sua vida ","199.99",NULL,5,NULL,"VARIEDADES","{}",NULL,False,"2026-08-25 21:51:40.078+00"
"1785604976244",NULL,"","999.00",NULL,0,"","ELETRODOMESTICOS","{}",NULL,False,"2026-08-25 21:51:40.078+00"
"1785605036356",NULL,"","999.00",NULL,5,"","ELETRODOMESTICOS","{}",NULL,False,"2026-08-25 21:51:40.078+00"
"1785612858782",NULL,"","250.00",NULL,5,"","VARIEDADES","{}",NULL,False,"2026-08-25 21:51:40.078+00"
"1785612996953",NULL,"","199.00",NULL,5,"","VARIEDADES","{}",NULL,False,"2026-08-25 21:51:40.078+00"
"1785613066206",NULL,"","120.00",NULL,5,"","VARIEDADES","{}",NULL,False,"2026-08-25 21:51:40.078+00"
"1785615567337",NULL,"","80.00",NULL,5,"","VARIEDADES","{}",NULL,False,"2026-08-25 21:51:40.078+00"
"1785615605889",NULL,"","100.00",NULL,10,"","VARIEDADES","{}",NULL,False,"2026-08-25 21:51:40.078+00"
"1785615645391",NULL,"","199.00",NULL,10,"","VARIEDADES","{}",NULL,False,"2026-08-25 21:51:40.078+00"
"1785954396742",NULL,"","80.00",NULL,0,"","COSMETICOS","{}",NULL,False,"2026-08-25 21:51:40.078+00"
"1786475156582",NULL,"","0.00",NULL,15,"","","{}",False,False,"2026-08-25 21:51:40.078+00"
"1786475515968",NULL,"","0.00",NULL,15,"","","{}",False,False,"2026-08-25 21:51:40.078+00"
"1786475543725",NULL,"","0.00",NULL,15,"","","{}",False,False,"2026-08-25 21:51:40.078+00"
"1786475665570",NULL,"","0.00",NULL,15,"","","{}",False,False,"2026-08-25 21:51:40.078+00"
"1786479370803",NULL,"","70.00",NULL,0,"","UTILIDADES DO LAR","{}",False,False,"2026-08-25 21:51:40.078+00"
"1786479431833",NULL,"","1.00",NULL,1,"","","{}",False,False,"2026-08-25 21:51:40.078+00"
"1786479575699",NULL,"","150.00",NULL,18,"","COSMETICOS","{}",False,False,"2026-08-25 21:51:40.078+00"
"1786480124528",NULL,"","1.00",NULL,0,"","","{}",False,False,"2026-08-25 21:51:40.078+00"
"1786480776586",NULL,"","11.00",NULL,0,"","","{}",False,False,"2026-08-25 21:51:40.078+00"
"1786483481802",NULL,"","30.00",NULL,20,"","COSMETICOS","{}",False,False,"2026-08-25 21:51:40.078+00"
"1786561394961",NULL,"","1.00","1.00",0,"","","{}",False,False,"2026-08-25 21:51:40.078+00"
"1786642931532","KIT BODY SPLASH E HIDRATANTE","","100.00",NULL,18,NULL,"COSMETICOS","{}",False,False,"2026-08-25 21:51:40.078+00"
"1786652616403","Conjunto jarra e copos","","240.00",NULL,5,NULL,"UTILIDADES DO LAR","{}",True,False,"2026-08-25 21:51:40.078+00"
"1786655148280","PANELA DE PRESSAO 10 LITROS","","399.00",NULL,0,"","UTILIDADES DO LAR","{}",False,False,"2026-08-25 21:51:40.078+00"
"1786817208966","caderno bobbie goods","","30.00","7.00",1,"","VARIEDADES","{}",False,False,"2026-08-25 21:51:40.078+00"
"1787263192697","UniTV","","599.00",NULL,0,"","ELETRONICOS","{}",False,False,"2026-08-25 21:51:40.078+00"
"1787263399824","Relógio de parede","","100.00",NULL,0,"","ELETRONICOS","{}",False,False,"2026-08-25 21:51:40.078+00"
"1787317432643","JOGO DE BANHEIRO AVELUDADO 2 PECAS","","70.00",NULL,5,"","CAMA MESA E BANHO","{}",False,False,"2026-08-25 21:51:40.078+00"
"1787321708283","MINI CHAPINHA","","50.00",NULL,0,"","VARIEDADES","{}",False,False,"2026-08-25 21:51:40.078+00"
"1787330434993","MARINEX ASSADEIRA DE VIDRO 2 PCS","","220.00","53.00",5,"","VARIEDADES","{}",False,False,"2026-08-25 21:51:40.078+00"
"1787330746792","MARINEX ASSADEIRA DE VIDRO 2 PCS","","220.00","53.00",5,"","VARIEDADES","{}",False,False,"2026-08-25 21:51:40.078+00"
"1787347409812","KIT CABELO PITAYA","","0.00","0.00",0,"","","{}",False,False,"2026-08-25 21:51:40.078+00"
